observation_id,review_status,inn,smiles,column_chemistry,column_length_mm,column_id_mm,particle_um,modifier,organic_percent,pH,buffer,flow_ml_min,temperature_c,t0_min,t0_source,t0_porosity_assumption,retention_time_min,retention_time_low_min,retention_time_high_min,log_k,source_file,source_page,source_chunk_id,condition_page_distance,extraction_method,extraction_confidence,validation_status,validation_issues,evidence
auto-00001,needs_review,etoricoxib,Cc1ccc(-c2ncc(Cl)cc2-c2ccc(S(C)(=O)=O)cc2)cn1,,,,,acetonitrile,23.0,,False,,,,,,,10.0,15.0,,ЛП-№(000508)-(РГ-RU)-180122.pdf,4,0f55ab594a7b73fced6548fc46da312b896d7f00,6,regex_v1,low,incomplete,missing_column;missing_flow;missing_exact_tR;missing_t0,"OXIA 120 на одной стороне, и с тиснением 204 на другой стороне. ИДЕНТИФИКАЦИЯ Норма: Время удерживания основного пика на хроматограмме испытуемого раствора должно соответствовать времени удерживания пика эторикоксиба на хроматограмме стандартного раствора (в пределах + 2,5 %). Метод: ВЭЖХ Определение проводят одновременно с тестом «Количественное определение». - образца (например: примерно 10 — 15 мин при скорости перемешивания 9 для Brinkman Metrohm 701 КЕ Titrino) и еще на 5 ми"
auto-00002,needs_review,etoricoxib,Cc1ccc(-c2ncc(Cl)cc2-c2ccc(S(C)(=O)=O)cc2)cn1,,100.0,3.0,5.0,acetonitrile,23.0,,False,0.6,40,0.8011,estimated_column_geometry,0.68,2.5,2.5,2.5,0.3264761970389442,ЛП-№(000508)-(РГ-RU)-180122.pdf,11,c54598fdbc32e234a003bdf970a2397fe113984a,1,regex_v1,high,incomplete,missing_column;estimated_t0_not_measured,"т 0,01 М раствор хлористоводородной кислоты. На хроматограмме растворителя не должно присутствовать пиков, перекрывающих основные ПИКИ. 2. Вводят рабочий стандартный раствор. а. Время удерживания для пика эторикоксиба составляет около 2,5 мин. b. Фактор асимметрии (T) для пика эторикоксиба составляет < 1,5."
auto-00003,needs_review,etoricoxib,Cc1ccc(-c2ncc(Cl)cc2-c2ccc(S(C)(=O)=O)cc2)cn1,,100.0,3.0,5.0,acetonitrile,23.0,,False,0.6,40,0.8011,estimated_column_geometry,0.68,2.5,2.5,2.5,0.3264761970389442,ЛП-№(000508)-(РГ-RU)-180122.pdf,12,18e3b531f35a03673fbd5277f9f4b5245e3c5665,2,regex_v1,high,incomplete,missing_column;estimated_t0_not_measured,"т 0,01 М раствор хлористоводородной кислоты. На хроматограмме растворителя не должно присутствовать пиков, перекрывающих основные ПИКИ. 2. Вводят рабочий стандартный раствор. а. Время удерживания для пика эторикоксиба составляет около 2,5 мин. b. Фактор асимметрии (T) для пика эторикоксиба составляет < 1,5. ЛП-№(000508)"
auto-00004,needs_review,etoricoxib,Cc1ccc(-c2ncc(Cl)cc2-c2ccc(S(C)(=O)=O)cc2)cn1,,,,5.0,acetonitrile,27.0,2.95,True,0.6,40,,,,2.5,2.5,2.5,,ЛП-№(000508)-(РГ-RU)-180122.pdf,19,730bf7e02d51fef3db657ac9da73533413c19bbc,3,regex_v1,high,incomplete,missing_column;missing_t0,"ичия, обусловленные различными поставщиками оборудования для проведения ВЭЖХ. 1. Вводят растворитель, чтобы исключить какие-либо побочные пики. 2. Вводят стандартный раствор. а. Время удерживания для пика эторикоксиба около 2,5 мин. Ь. Фактор асимметрии пика эторикоксиба должен быть < 1,5. с. Относительное ст"
auto-00005,needs_review,etoricoxib,Cc1ccc(-c2ncc(Cl)cc2-c2ccc(S(C)(=O)=O)cc2)cn1,,,,,acetonitrile,27.0,2.95,True,,,,,,7.0,7.0,7.0,,ЛП-№(000508)-(РГ-RU)-180122.pdf,24,0b471d653a3ad41809182d40c0364dcc58a498ae,2,regex_v1,high,incomplete,missing_column;missing_flow;missing_t0,тношение «Сигнал : шум» по трем введениям должно быть > 3 с относительным стандартным отклонением < 25%. 3. Вводят раствор для проверки пригодности хроматографической системы. а. Время удерживания для пика эторикоксиба составляет около 7 минут. b. Остальные пики должны элюироваться при соответствующем относительном вре
auto-00006,needs_review,benzydamine,CN(C)CCCOc1nn(Cc2ccccc2)c2ccccc12,CN,150.0,4.6,5.0,,,,False,1.0,30,1.6951,estimated_column_geometry,0.68,,9.0,11.0,,ЛП-№(000540)-(РГ-RU)-120124.pdf,8,c49b7bca93e0650479ff7a2eebb72c047ba0ac1c,4,regex_v1,high,incomplete,missing_modifier;missing_organic_percent;missing_exact_tR;estimated_t0_not_measured,"ки и перемешивают. Все растворы используют свежеприготовленными. Хроматографические условия: Температура колонки 30 °С Детектирование УФ детектор, 239 нм Объем пробы 20 мкл Время удерживания пика бензидамина Около 9 - 11 мин Относительные времена удерживания по пику бензидамина Метилпарагидроксибенз"
auto-00007,needs_review,benzydamine,CN(C)CCCOc1nn(Cc2ccccc2)c2ccccc12,CN,150.0,4.6,5.0,,,,False,1.0,30,1.6951,estimated_column_geometry,0.68,22.0,22.0,22.0,1.0783942708639362,ЛП-№(000540)-(РГ-RU)-120124.pdf,8,c49b7bca93e0650479ff7a2eebb72c047ba0ac1c,4,regex_v1,low,incomplete,missing_modifier;missing_organic_percent;estimated_t0_not_measured,"роматографические условия: Температура колонки 30 °С Детектирование УФ детектор, 239 нм Объем пробы 20 мкл Время удерживания пика бензидамина Около 9 - 11 мин Относительные времена удерживания по пику бензидамина Метилпарагидроксибензоат – около 0,7 - 0,8 Примесь С – около 1,1 - 1,2 Примесь А – около 1,2 - 1,3 НД_____________________ С. 9 Примесь В – около 1,5 - 1,7 Время хроматографирования 22 мин Хроматографируют РСО Б, РСО В, испытуемый раствор, раствор плацебо и раствор"
auto-00008,needs_review,benzydamine,CN(C)CCCOc1nn(Cc2ccccc2)c2ccccc12,CN,150.0,4.6,5.0,,,,False,1.0,30,1.6951,estimated_column_geometry,0.68,7.0,7.0,7.0,0.4954681643024394,ЛП-№(000540)-(РГ-RU)-120124.pdf,12,764e41adaf1068602766a9a49948aa5365eee2e7,0,regex_v1,high,incomplete,missing_modifier;missing_organic_percent;estimated_t0_not_measured,"бования теста «Проверка пригодности хроматогра - фической системы» Скорость потока 1,0 мл/мин Температура колонки 30 °С Детектирование УФ детектор, 239 нм Объем пробы 10 мкл Время удерживания пика бензидамина Около 7 мин Время удерживания пика метилпарагидроксибензоата Около 5 мин Время хроматог"
auto-00009,needs_review,benzydamine,CN(C)CCCOc1nn(Cc2ccccc2)c2ccccc12,CN,150.0,4.6,5.0,,,,False,1.0,30,1.6951,estimated_column_geometry,0.68,5.0,5.0,5.0,0.2899472760813525,ЛП-№(000540)-(РГ-RU)-120124.pdf,12,764e41adaf1068602766a9a49948aa5365eee2e7,0,regex_v1,high,incomplete,missing_modifier;missing_organic_percent;estimated_t0_not_measured,"фической системы» Скорость потока 1,0 мл/мин Температура колонки 30 °С Детектирование УФ детектор, 239 нм Объем пробы 10 мкл Время удерживания пика бензидамина Около 7 мин Время удерживания пика метилпарагидроксибензоата Около 5 мин Время хроматографирования 10 мин Хроматографируют РСО А и испытуемый раствор,"
auto-00010,needs_review,benzydamine,CN(C)CCCOc1nn(Cc2ccccc2)c2ccccc12,CN,150.0,4.6,5.0,,,,False,1.0,30,1.6951,estimated_column_geometry,0.68,6.0,6.0,6.0,0.40475325876960716,ЛП-№(000540)-(РГ-RU)-120124.pdf,15,2feb343b4f5ff4535bd6d233b1326bdf9d6c1c7f,3,regex_v1,high,incomplete,missing_modifier;missing_organic_percent;estimated_t0_not_measured,"ора 260 °С Условия Head space Температура флакона – 40 °С, время уравновешивания – 5 мин, температура иглы – 50 °С Объем вводимой пробы 1 мл Время хроматографирования 10 мин Время удерживания пика этанола Около 6 мин"
auto-00011,needs_review,benzydamine,CN(C)CCCOc1nn(Cc2ccccc2)c2ccccc12,CN,150.0,4.6,5.0,,,,False,1.0,30,1.6951,estimated_column_geometry,0.68,6.0,6.0,6.0,0.40475325876960716,ЛП-№(000540)-(РГ-RU)-120124.pdf,16,469079abc47fb4b389f7ef77bfb79a90bebe8b6a,4,regex_v1,high,incomplete,missing_modifier;missing_organic_percent;estimated_t0_not_measured,"ора 260 °С Условия Head space Температура флакона – 40 °С, время уравновешивания – 5 мин, температура иглы – 50 °С Объем вводимой пробы 1 мл Время хроматографирования 10 мин Время удерживания пика этанола Около 6 мин НД_____________________ С. 17 Относительное время удержи - вания пика 2-пропа"
auto-00012,needs_review,entecavir,C=C1[C@H](CO)[C@@H](O)C[C@@H]1n1cnc2c(=O)[nH]c(N)nc21,,,,,acetonitrile,8.0,,False,,,,,,30.0,30.0,30.0,,НД.pdf,2,0127c86e33eaed8c36826747735738d7ef20a978,7,regex_v1,low,incomplete,missing_column;missing_flow;missing_t0,"образце; Хо- заявленное содержание энтекавира в стандартном образце. Если на хроматограмме испытуемого раствора площадь пика энтекавира при времени удерживания в пределах 5 % от времени удерживания пика энтекавира на хроматограмме стандартного раствора, составляет меньше 0,2 % от площади пика, найденной для стандартного раствора, подтверждают отсутствие © энтекавира в таблетках. РАСТВОРЕНИЕ Норма: Не менее 80 % (О) через 30 мин."
auto-00013,needs_review,entecavir,C=C1[C@H](CO)[C@@H](O)C[C@@H]1n1cnc2c(=O)[nH]c(N)nc21,,,,,acetonitrile,8.0,,False,,,,,,30.0,30.0,30.0,,НД.pdf,7,b3777ce076776e90be6ce3f2ec2738a745709311,2,regex_v1,low,incomplete,missing_column;missing_flow;missing_t0,"Если на хроматограмме испытуемого раствора площадь пика энтекавира при времени удерживания в пределах 5 % от времени удерживания пика энтекавира на хроматограмме стандартного раствора, составляет меньше 0,2 % от площади пика, найденной для стандартного раствора, подтверждают отсутствие © энтекавира в таблетках. РАСТВОРЕНИЕ Норма: Не менее 80 % (О) через 30 мин. Определение растворенного вещества проводят методом ВЭЖХ. Примечание: может"
auto-00014,needs_review,entecavir,C=C1[C@H](CO)[C@@H](O)C[C@@H]1n1cnc2c(=O)[nH]c(N)nc21,,,,,acetonitrile,8.0,,False,,,,,,5.0,5.0,5.0,,НД.pdf,8,be60311f18f2a7016d3c1bc785916647cc740431,1,regex_v1,medium,incomplete,missing_column;missing_flow;missing_t0,"системы (Zymark Multidose): 20 мл промывка и 1,5 мл отбор образца (среду не заменяют). AA12S03-1546WT 150 x 4,6 мм, размер частиц 3 мкм или аналогичная). Длина волны | 254 HM ~ Время удерживания | ~ 5 мин пика энтекавира Исходный стандартный раствор (готовится дважды). В мерную колбу"
auto-00015,needs_review,entecavir,C=C1[C@H](CO)[C@@H](O)C[C@@H]1n1cnc2c(=O)[nH]c(N)nc21,,,,,acetonitrile,8.0,,False,,,,,,5.0,5.0,5.0,,НД.pdf,9,d6f37add6b1a95ea7389fe35940331632ac0fba6,3,regex_v1,medium,incomplete,missing_column;missing_flow;missing_t0,Длина волны | 254 HM ~ Время удерживания | ~ 5 мин пика энтекавира Исходный стандартный раствор (готовится дважды). В мерную колбу
auto-00016,needs_review,entecavir,C=C1[C@H](CO)[C@@H](O)C[C@@H]1n1cnc2c(=O)[nH]c(N)nc21,АМИНО,100.0,4.6,3.0,,,,False,,,,,,12.5,12.5,12.5,,НД.pdf,16,d6489bd208e4b8849a2bd24b22b958a4c98b3d44,1,regex_v1,medium,incomplete,missing_modifier;missing_organic_percent;missing_flow;missing_t0,"9:1:0,1 рижан a НД С. 17 Время = 35 Мин. ры Объем задержки | 1,1 мл п Программа градиента Время (минуты) Профиль i eee [о № [о [иен e 27=28 0-100 100-0 Возвращение к oe И ПЕ ПИ - Время удерживания пика энтекавира (BMS-200475-01) ~ 12,5 мин. - Относительное время удерживания пика BMS-588659-01 ~ 1,65*. | - Относительно"
auto-00017,needs_review,bisoprolol,CC(C)NCC(O)COc1ccc(COCCOC(C)C)cc1,C18,250.0,4.6,5.0,acetonitrile,20.0,,True,,20,,,,20.0,20.0,20.0,,бипрол.pdf,9,2880884ffdde67393a45c4678a5c44d03babe9c9,3,regex_v1,high,incomplete,missing_flow;missing_t0;missing_buffer_pH,"ние анализа В жидкостной хроматограф последовательно вводят по 10мкл. испытуемого раствора, раствора для идентификации примесей, раствора сравнения и регистрируют хроматограммы. a Время удерживания бисопролола около 20 мин."
auto-00018,needs_review,bisoprolol,CC(C)NCC(O)COc1ccc(COCCOC(C)C)cc1,C18,250.0,4.6,5.0,acetonitrile,20.0,,True,,20,,,,20.0,20.0,20.0,,бипрол.pdf,10,060472ef19dddc7e879e2d081ce023d576740de0,2,regex_v1,high,incomplete,missing_flow;missing_t0;missing_buffer_pH,"ние анализа В жидкостной хроматограф последовательно вводят по 10мкл. испытуемого раствора, раствора для идентификации примесей, раствора сравнения и регистрируют хроматограммы. a Время удерживания бисопролола около 20 мин. На хроматограмме испытуемого раствора по относительным временам удерживания ("
auto-00019,needs_review,bisoprolol,CC(C)NCC(O)COc1ccc(COCCOC(C)C)cc1,C8,150.0,4.6,5.0,acetonitrile,25.0,,True,1.0,30,1.6951,estimated_column_geometry,0.68,4.2,4.2,4.2,0.16957764329574537,бипрол.pdf,14,1594c54f22e8da7d55bc1ed07083428c75ede494,2,regex_v1,high,incomplete,missing_buffer_pH;estimated_t0_not_measured,"щие условия: Проведение анализа В жидкостной хроматограф последовательно вводят по 10 мкл испытуемого раствора, раствора СО бисопролола фумарата и регистрируют хроматограммы. © Время удерживания бисопролола около 4,2 мин, фумаровой кислоты около 2,0 мин. gm 2a Sa Ви 180 OP _ 519° G*P 0,05 (для дози"
auto-00020,needs_review,vildagliptin,N#C[C@@H]1CCCN1C(=O)CNC12CC3CC(CC(O)(C3)C1)C2,,,,,acetonitrile,10.0,6.5,True,,,,,,2.0,2.0,2.0,,галвус.pdf,12,95875ba062499e512699928df200c2a50c4af1e3,1,regex_v1,low,incomplete,missing_column;missing_flow;missing_t0,"ров (эквивалентно 0,5 мкг вилдаглиптина в стандартном растворе) Время хроматографирования: 3 мин следующие условия: — на хроматограмме среды растворения не должно быть пика со временем удерживания вилдаглиптина с площадью более 1 % от средней площади пика вилдаглиптина на хроматограмме стандартного раствора; — время удерживания пика вилдаглиптина на хроматограмме стандартного раствора Та должно быть от 1,0 до 2,0 мин; — фактор асимметрии пика вилдаглиптина, рассчитанный по хроматограмме первого"
auto-00021,needs_review,levetiracetam,CCC(C(N)=O)N1CCCC1=O,C18,150.0,3.9,5.0,acetonitrile,5.0,,True,,,,,,,1.0,2.0,,кеппра.pdf,3,87c5603902402e737d79b4fff8e542d09b943793,11,regex_v1,low,incomplete,missing_flow;missing_exact_tR;missing_t0;missing_buffer_pH,"пределением при условиях, описанных в разделе «Количественное определение». Норма: время удерживания основного пика на хроматограмме испытуемого раствора должно соответствовать времени удерживания пика леветирацетама на хроматограмме стандартного раствора (отклонение может составлять не более 3,0 %). 2. Метод ТСХ (альтернативный) Длина пробега: 80 мм ( 70 мм от стартового пятна) Сушка: в течение  1-2 мин при температуре окружающей среды Проявляющий реактив: пары йода (оценку хрома"
auto-00022,needs_review,levetiracetam,CCC(C(N)=O)N1CCCC1=O,C18,150.0,3.9,5.0,acetonitrile,5.0,,True,,,,,,,1.0,2.0,,кеппра.pdf,6,b1d4ed000d22d8d6bbffcc0c86c6a30fb4c3dff8,8,regex_v1,low,incomplete,missing_flow;missing_exact_tR;missing_t0;missing_buffer_pH,"Норма: время удерживания основного пика на хроматограмме испытуемого раствора должно соответствовать времени удерживания пика леветирацетама на хроматограмме стандартного раствора (отклонение может составлять не более 3,0 %). 2. Метод ТСХ (альтернативный) Длина пробега: 80 мм ( 70 мм от стартового пятна) Сушка: в течение  1-2 мин при температуре окружающей среды Проявляющий реактив: пары йода (оценку хрома"
auto-00023,needs_review,moxifloxacin,COc1c(N2C[C@@H]3CCCN[C@@H]3C2)c(F)cc2c(=O)c(C(=O)O)cn(C3CC3)c12,C18,75.0,4.6,3.5,,,,False,,,,,,6.8,6.8,6.8,,ксафлом.pdf,21,7febbfe71cede67b9e4074e67874ea2bda1e9f70,4,regex_v1,high,incomplete,missing_modifier;missing_organic_percent;missing_flow;missing_t0,"ость хроматографической колонки, рассчитанная по пику моксифлоксацина, — не менее 2000 теоретических тарелок. ® Фактор асимметрии пика моксифлоксацина — не более 2,0. Примечание: Время удерживания пика моксифлоксацина — около 6,8 минут. Время анализа : 60 минут. Методика В хроматограф вводят по 25 мкл растворо"
auto-00024,needs_review,moxifloxacin,COc1c(N2C[C@@H]3CCCN[C@@H]3C2)c(F)cc2c(=O)c(C(=O)O)cn(C3CC3)c12,C18,75.0,4.6,3.5,,,,False,,,,,,8.8,8.8,8.8,,ксафлом.pdf,25,9cb86f4022777924004ecd02b932ea2b16648abf,0,regex_v1,high,incomplete,missing_modifier;missing_organic_percent;missing_flow;missing_t0,"хроматографической колонки, рассчитанная по пику моксифлоксацина, — не менее 2000 теоретических тарелок. ® Фактор асимметрии пика моксифлоксацина — не более 2,0. Примечания: 2. Время удерживания пика 8-гидроксимоксифлоксацина — около 8,8 мин. Стандартный раствор: e Относительное стандартное отклонение площадей пика 8-г"
auto-00025,needs_review,moxifloxacin,COc1c(N2C[C@@H]3CCCN[C@@H]3C2)c(F)cc2c(=O)c(C(=O)O)cn(C3CC3)c12,C18,75.0,4.6,3.5,,,,False,,,,,,14.0,14.0,14.0,,ксафлом.pdf,32,feae60990e14d28e8c6a5b4e45b155a3f5aa66c7,7,regex_v1,high,incomplete,missing_modifier;missing_organic_percent;missing_flow;missing_t0,"вность хроматографической колонки, рассчитанная по пику борной кислоты, — не менее 3000 теоретических тарелок. ® Фактор асимметрии пика борной кислоты - не более 2,5. Примечание: Время удерживания пика борной кислоты -— около 14 минут. Хроматографические условия Колонка : Ultrahydrogel 120 ТМ (фирмы Waters), 3"
auto-00026,needs_review,atorvastatin,CC(C)c1c(C(=O)Nc2ccccc2)c(-c2ccccc2)c(-c2ccc(F)cc2)n1CC[C@@H](O)C[C@@H](O)CC(=O)O,,,,,acetonitrile,42.105,,True,,,,,,10.4,10.4,10.4,,липримар.pdf,22,f682a581945ab9bfd461423ff602fa828b5a48d2,18,regex_v1,medium,incomplete,missing_column;missing_flow;missing_t0;missing_buffer_pH,"у хроматографа последовательно вводят по 20 мкл растворителя, стандартного раствора, затем испытуемый раствор. Регистрируют не менее пяти хроматограмм и вычисляют площади пиков. Время удерживания для аторвастатина — от 7,7 до 10,4 мин; для РО 130694 — от 10,6 до 14,4 минут. Содержание аторвастатина (X, мг/таб) в"
auto-00027,needs_review,ciprofloxacin,OC(=O)C1=CN(C2CC2)c2cc(N3CCNCC3)c(F)cc2C1=O,,,,,acetonitrile,13.0,,False,,,,,,,6.4,10.8,,лп-000035[2010]_0.pdf,20,2ced09b5f71c305982365fac4a016a82757a1beb,3,regex_v1,high,incomplete,missing_column;missing_flow;missing_exact_tR;missing_t0,"атографической системы: В хроматограф вводят 10 мкл раствора для проверки пригодности | хроматографической системы и регистрируют пики. | ® Систему считают пригодной, если: | | - время удерживания пика ципрофлоксацина должно находиться в пределах 6,4-10,8 мин, относительное время удерживания пика этилендиаминового | аналога ципрофлоксаци"
auto-00028,needs_review,riociguat,COC(=O)N(C)c1c(N)nc(-c2nn(Cc3ccccc3F)c3ncccc23)nc1N,C18,100.0,4.6,3.5,acetonitrile,,,False,2.0,,0.565,estimated_column_geometry,0.68,2.83,2.83,2.83,0.602974760499073,лп-002639[2014]_0.pdf,26,684736e0b287eb2abc8f8525dbf3e0ff786ee28b,0,regex_v1,high,incomplete,missing_organic_percent;estimated_t0_not_measured,"роцедура | В колонку хроматографа последовательно и раздельно вводят все приготов- | | ленные испытуемые, стандартные и контрольные растворы. Хроматограммы испытуемых растворов по времени удерживания основного пика (риоцигуа- | та) должны соответствовать хроматограммам стандартных растворов. | Время удерживания риоцигуата должно быть около 2,83 мин. | Таблица 6."
auto-00029,needs_review,riociguat,COC(=O)N(C)c1c(N)nc(-c2nn(Cc3ccccc3F)c3ncccc23)nc1N,C18,100.0,4.6,3.5,acetonitrile,,,False,2.0,,0.565,estimated_column_geometry,0.68,2.83,2.83,2.83,0.602974760499073,лп-002639[2014]_0.pdf,27,8a6c27ce5e4522fee1c0eb90bafee49ec9f6edc7,1,regex_v1,high,incomplete,missing_organic_percent;estimated_t0_not_measured,"роцедура | В колонку хроматографа последовательно и раздельно вводят все приготов- | | ленные испытуемые, стандартные и контрольные растворы. Хроматограммы испытуемых растворов по времени удерживания основного пика (риоцигуа- | та) должны соответствовать хроматограммам стандартных растворов. | Время удерживания риоцигуата должно быть около 2,83 мин. | Таблица 6. СГ мы бб | ват | ОИ МО И Проверка пригодности хроматографической"
auto-00030,needs_review,meloxicam,Cc1cnc(NC(=O)C2=C(O)c3ccccc3S(=O)(=O)N2C)s1,,,,,methanol,37.0,,True,,,,,,11.0,11.0,11.0,,лср-004199_08-150520.pdf,8,86fb2814bdeb2a541454b8ceebd9ce24eefc61e0,5,regex_v1,high,incomplete,missing_column;missing_flow;missing_t0;missing_buffer_pH,ванных примесей Порядок инжекций | О И Раствор для проверки чувствительности хроматографиче- 2 & ской системы Раствор для проверки пригодности хроматографической 2 системы Е И ОСИ Время удерживания пика мелоксикама — около от 6 до 11 мин. Относительные времена удерживания | НД С. 10 Результаты анализа считаются до
auto-00031,needs_review,meloxicam,Cc1cnc(NC(=O)C2=C(O)c3ccccc3S(=O)(=O)N2C)s1,C18,50.0,4.6,2.7,methanol,37.0,,True,,,,,,11.0,11.0,11.0,,лср-004199_08-150520.pdf,13,c81adcb3239a252ab61dfb7cdaafdf4a2878fa62,3,regex_v1,high,incomplete,missing_flow;missing_t0;missing_buffer_pH,"ографической системы» . Предколонка 10,0 х 4,0 мм, силикагель октадецилсилильный эндкепи-, рованный, размер частиц — 5мкм, Intersil ODS-3 («GL Science Inc.», кат. № 5020-19003) ‹ Время удерживания пика мелоксикама — около от 8 до 11 мин. Порядок инжекции с ИИ ОИСИ Результаты считаются достоверными при выполнении у"
auto-00032,needs_review,ibuprofen,CC(C)Cc1ccc(C(C)C(=O)O)cc1,,,,,acetonitrile,60.0,,True,,22,,,,15.0,15.0,15.0,,нурофен_экспресс_форте.pdf,1,5532e83344e95b546ef47275d67ee12e4390f7e9,10,regex_v1,low,incomplete,missing_column;missing_flow;missing_t0;missing_buffer_pH,"ную жидкость от бесцветного до светло-розового & цвета Подлинность Ибупрофен BOXKX Время удерживания пика ибупрофена на хроматограмме испытуемого — раствора должно соответствовать времени удерживания пика ибупрофена на хроматограмме стандартного раствора (см. раздел «Количественное определение») РН Евр. Ф. / ГФ РФ“, | От 6,0 до 7,0 потенциометричес кий метод Распадаемость Евр. Ф. / ГФ РФ“ | Не более 15 мин И ИИ Растворение?? Евр. Ф. /ГФРФ* | Не менее 75% (0) через 3З0мин от pe | per ["
auto-00033,needs_review,ibuprofen,CC(C)Cc1ccc(C(C)C(=O)O)cc1,C8,150.0,4.6,5.0,,,,False,2.0,,0.8476,estimated_column_geometry,0.68,20.0,20.0,20.0,1.3540481564945477,нурофен_экспресс_форте.pdf,19,b24f79af072cce1a32513a629bc219b08238fb58,0,regex_v1,low,incomplete,missing_modifier;missing_organic_percent;estimated_t0_not_measured,"гликолевых эфиров ибупрофена наряду с пиками ибупрофена. Разрешение между пиками ибупрофена и полиэтиленгликолевых эфиров ибупрофена должно составлять не менее 1,5. Относительные времена удерживания пиков (ВКТ) г ~~ )матографические условия Колонка Zorbax Eclipse XDB-C8, 150 x 4,6 мм, 5 мкм или аналогичная Скорость потока 2,0 мл/мин Режим изократический у Температура колонки комнатная Объем вводимой пробы 20 мкл Время анализа 20 мин ЛСР-005587/10-280322 С.21 Детектор УФ С помощью диодно-матричного детектора мо"
auto-00034,needs_review,zoledronic acid,O=P(O)(O)C(O)(Cn1ccnc1)P(=O)(O)O,C18,,,5.0,,,,False,1.2,,,,,19.0,19.0,19.0,,остеостатикс.pdf,9,958d60b556c741e29780881cc9b1579685e81ebe,0,regex_v1,high,incomplete,missing_modifier;missing_organic_percent;missing_t0,"T054275 фирмы « Waters»). Допускается использование — альтернативной колонки, удовлетворяющей требованиям - пригодности хроматографической системы; Скорость потока: 1,2 мл/мин; Время удерживания золедроновой кислоты около 19 мин. Время хроматографирования — 72 мин (время хроматографирования © стандартных р"
auto-00035,needs_review,zoledronic acid,O=P(O)(O)C(O)(Cn1ccnc1)P(=O)(O)O,C18,250.0,4.6,5.0,acetonitrile,,,True,0.7,,4.036,estimated_column_geometry,0.68,9.0,9.0,9.0,0.08987106308816502,остеостатикс.pdf,16,c9ee40bb2db9d01956609af903d274c50a248a7d,0,regex_v1,high,incomplete,missing_organic_percent;missing_buffer_pH;estimated_t0_not_measured,": 0,7 мл/мин; Объем пробы: 200 мкл (объем петли — 900 мкл). Время хроматографирования — 60 мин (время хроматографирования стандартных растворов может быть уменьшено до 30 мин). Время удерживания пика золедроновой кислоты — около 9 мин. НД С. 18 Проверка пригодности хроматографической системы Хроматографируют рас"
auto-00036,needs_review,zoledronic acid,O=P(O)(O)C(O)(Cn1ccnc1)P(=O)(O)O,C18,250.0,4.6,5.0,acetonitrile,,,True,0.7,,4.036,estimated_column_geometry,0.68,9.0,9.0,9.0,0.08987106308816502,остеостатикс.pdf,17,6a2801786c01b12ec33761cd904a8f61ae3549f4,1,regex_v1,high,incomplete,missing_organic_percent;missing_buffer_pH;estimated_t0_not_measured,Время хроматографирования — 60 мин (время хроматографирования стандартных растворов может быть уменьшено до 30 мин). Время удерживания пика золедроновой кислоты — около 9 мин. НД С. 18 Проверка пригодности хроматографической системы Хроматографируют рас
auto-00037,needs_review,pramipexole,CCCNC1CCc2nc(N)sc2C1,,,,,,,,False,,,,,,30.0,30.0,30.0,,прамипексол.pdf,2,09175d9a1595812239ca6ceef53d8f824f2d1d13,,regex_v1,low,incomplete,missing_column;missing_modifier;missing_organic_percent;missing_flow;missing_t0,"© белого цвета с фаской. На одной стороне риска и равировка «12» Подлинность ВЭЖХ Время удерживания основного пика на хроматограмме испытуемого раствора должно соответствовать времени удерживания основного пика & на хроматограмме раствора стандартного образца 1 (см. раздел «Количественное определение» Растворение ГФ РФ, Не менее 80 % (Q) > вэжх Cio Hi7 Ns S-2HCI-H,O (прамипексола дигидрохлорида моногидрата) через 30 минут По внешнему виду должны соответствовать требованиям ГФ РФ, ОФС.1.4.1.0015.15"
auto-00038,needs_review,pramipexole,CCCNC1CCc2nc(N)sc2C1,,,,,,,,False,,,,,,2.5,2.5,2.5,,прамипексол.pdf,7,18345f533f30c13dfd35f17c44d61a630f7e7ec9,,regex_v1,medium,incomplete,missing_column;missing_modifier;missing_organic_percent;missing_flow;missing_t0,"е сигнал/шум для пика прамипексола Ha хроматограмме раствора для проверки чувствительности системы не менее 10:1. При расчете содержания примесей не учитываются системные пики со временем удерживания менее 2,5 минут и пики, площадь которых менее 0,05 % площади пика прамипексола на хроматограм"
auto-00039,needs_review,mirtazapine,CN1CCN2c3ccccc3Cc3cccnc3C2C1,,,,,methanol,10.0,,False,,,,,,45.0,45.0,45.0,,ремерон.pdf,2,30127c486806e82df61e3d13e30658c8e5ee9bde,0,regex_v1,low,incomplete,missing_column;missing_flow;missing_t0,"не должно соответствовать пятну миртазапина на хроматограмме раствора сравнения 1В. ~ ВЭЖХ Отношение времени удерживания основного пика на хроматограмме испытуемого раствора tA ко времени удерживания пика миртазапина на хроматограмме стандартного раствора гА должно быть в пределах 0,980 < В < 1,020. Растворение УФ-спетрофото- |Не менее 80 % (Q=75) от метрия. заявленного содержания через Евр.Ф., ГФ РФ) |45 мин Родственные примеси | ВЭЖХ Идентифицированные продукты разложения: примесь А ЕФ"
auto-00040,needs_review,rivaroxaban,O=C(NCC1CN(c2ccc(N3CCOCC3=O)cc2)C(=O)O1)c1ccc(Cl)s1,,,,,acetonitrile,90.0,,False,,60,,,,15.0,15.0,15.0,,ривар_крка.pdf,3,6b75f88fc5ab31e30e28afd66911f1d9fbcb8ef6,17,regex_v1,low,incomplete,missing_column;missing_flow;missing_t0,"о цвета с гравировкой «20» на одной стороне таблетки. Идентификация** | Время удерживания основного пика на | ВЭЖХ хроматограмме испытуемого раствора (SaS) должно соответствовать времени удерживания пика ривароксабана на хроматограмме стандартного раствора (55). Растворение Не менее 80% (О) ривароксабана от | ГФРФ* или (для таблеток заявленного количества через 15 мин. Ph. Eur., 2,5 мг) УФ-спектро- Растворение Не менее 80% (О) ривароксабана от |"
auto-00041,needs_review,rivaroxaban,O=C(NCC1CN(c2ccc(N3CCOCC3=O)cc2)C(=O)O1)c1ccc(Cl)s1,,,,,acetonitrile,90.0,,False,1.0,60,,,,34.0,34.0,34.0,,ривар_крка.pdf,23,1712b286599f3e6a18dbc7d2d27486fe4ab5fbbe,3,regex_v1,low,incomplete,missing_column;missing_t0,"ксабана на основании хроматограмм стандартного раствора, используя метод внешнего стандарта. Затем вводят испытуемый раствор (SaS), регистрируют хроматограммы и оценивают отклики (время удерживания и площадь) пиков примесей ривароксабана. © Оценивают родственные примеси ривароксабана относительно пика ривароксабана на хроматограмме стандартного раствора ($$). Не учитывают пики холостого раствора (BL), плацебо (Rt около 34 минут) и пики примесей, площадь которых меньше или равна 0,10 %. Содержание родств"
auto-00042,needs_review,duloxetine,CNCCC(Oc1cccc2ccccc12)c1cccs1,,,,,,,,True,,,,,,7.0,7.0,7.0,,симбалта.pdf,33,5ff27fd399ff4fb9cf6ed67cdf23a7855d85946f,19,regex_v1,low,incomplete,missing_column;missing_modifier;missing_organic_percent;missing_flow;missing_t0;missing_buffer_pH,"и 1 день при комнатных условиях. Условия хроматографирования: Время хроматографирования - более 15 мин или в 2,5 раза более времени удерживания пика N-сукциноил дулоксетина (время удерживания пика N-сукциноил дулоксетина устанавливается по раствору для проверки разрешения ). Если проводится только количественное определение или определение однородности дозирования, то время хроматографирования составляет около 7 мин. C. 35 Проверка пригодности хроматографической системы:"
auto-00043,needs_review,duloxetine,CNCCC(Oc1cccc2ccccc12)c1cccs1,,,,,,,,True,,,,,,7.0,7.0,7.0,,симбалта.pdf,34,e243391da7526584ac94a3ab92a5ec626b1f0d2a,20,regex_v1,low,incomplete,missing_column;missing_modifier;missing_organic_percent;missing_flow;missing_t0;missing_buffer_pH,"- более 15 мин или в 2,5 раза более времени удерживания пика N-сукциноил дулоксетина (время удерживания пика N-сукциноил дулоксетина устанавливается по раствору для проверки разрешения ). Если проводится только количественное определение или определение однородности дозирования, то время хроматографирования составляет около 7 мин. C. 35 Проверка пригодности хроматографической системы: Для количественного"
auto-00044,needs_review,silodosin,C[C@H](Cc1cc2c(c(C(N)=O)c1)N(CCCO)CC2)NCCOc1ccccc1OCC(F)(F)F,,150.0,4.6,3.5,acetonitrile,,,True,0.9,,1.8835,estimated_column_geometry,0.68,15.0,15.0,15.0,0.8428551036788315,урорек.pdf,2,e4fa5ff5d94c85ae5b796a32d413d3746c9ee294,6,regex_v1,low,incomplete,missing_column;missing_organic_percent;missing_buffer_pH;estimated_t0_not_measured,"а. Подлинность ВЭЖХ Время удерживания основного пика Силодозин (Одновременно с (первого) на хроматограмме испытуемого количественным раствора должно соответствовать определением) времени удерживания основного пика (первого) на хроматограмме стандартного раствора силодозина. Растворение? Евр. Ф. (2.9.3) или ГФ Не менее 80 % (О) от заявленного & РФ, ОФС.1.4.2.0014.15, | количества силодозина переходит в ВЭЖХ раствор через 15 мин. Родственные примеси | ВЭЖХ Примесь KMD-3241 - не более 1,5 % Примесь KMD-3289"
auto-00045,needs_review,silodosin,C[C@H](Cc1cc2c(c(C(N)=O)c1)N(CCCO)CC2)NCCOc1ccccc1OCC(F)(F)F,,150.0,4.6,3.5,,,,True,0.9,,1.8835,estimated_column_geometry,0.68,6.0,6.0,6.0,0.3395660188098012,урорек.pdf,9,bafd4cf8bb4edd94ce583b0d32514855ed1aa9cf,3,regex_v1,high,incomplete,missing_column;missing_modifier;missing_organic_percent;missing_buffer_pH;estimated_t0_not_measured,"раствор 0,1 М=27: 73 (о/о) Скорость потока: 0,9 мл/мин | О ФЗ О. Детектор: 270 нм (УФ) Температура колонки: (40 =2) °С Объем пробы: 50 мкл Время анализа: 10 мин Приблизительное время удерживания пика около 6 мин силодозина: Последовательность ввода проб: 1. Холостой раствор (среда раствор"
auto-00046,needs_review,silodosin,C[C@H](Cc1cc2c(c(C(N)=O)c1)N(CCCO)CC2)NCCOc1ccccc1OCC(F)(F)F,,250.0,4.6,5.0,,,,True,1.4,,2.018,estimated_column_geometry,0.68,14.0,14.0,14.0,0.7736019974968493,урорек.pdf,12,d348688f8f557be5185f4a4e95b514f1c48ba795,0,regex_v1,high,incomplete,missing_column;missing_modifier;missing_organic_percent;missing_buffer_pH;estimated_t0_not_measured,мл/мин Детектор: 225 нм (УФ) Температура колонки: (40 + 2) °C Объем пробы: 25 мкл Время хроматографирования: 55 мин © Время уравновешивания 10 мин после инжекции: Приблизительное время удерживания пика: Силодозина около 14 мин Примеси КМО-3241 около 20 мин Примеси KMD-3289 около 23 мин Градиентная програм
auto-00047,needs_review,moxonidine,COc1nc(C)c(NC2=NCCN2)nc1Cl,C8,125.0,3.0,3.0,acetonitrile,,,False,,,,,,8.8,8.8,8.8,,физиотенз.pdf,3,8d274ccce4a51e88950c39a033914abbc4c41b03,7,regex_v1,high,incomplete,missing_organic_percent;missing_flow;missing_t0,"%). ww Испытание проводят визуально. ~ ПОДЛИННОСТЬ ВЭЖХ Норма: Время удерживания основного пика на хроматограмме испытуемого раствора должно с погрешностью | % соответствовать времени удерживания основного пика на хроматограмме стандартного раствора. Определение проводят одновременно с тестом «Количественное определение». Время удерживания моксонидина составляет около 8,8 мин. УФ-спектр © Норма: УФ-спектры испытуемого и стандартного растворов в области"
auto-00048,needs_review,moxonidine,COc1nc(C)c(NC2=NCCN2)nc1Cl,C8,125.0,3.0,3.0,acetonitrile,,,False,,,,,,8.8,8.8,8.8,,физиотенз.pdf,7,d9543454afc88e91c163e6dc581e1cae0d10e5d4,3,regex_v1,high,incomplete,missing_organic_percent;missing_flow;missing_t0,"Определение проводят одновременно с тестом «Количественное определение». Время удерживания моксонидина составляет около 8,8 мин. УФ-спектр © Норма: УФ-спектры испытуемого и стандартного растворов в области"
auto-00049,needs_review,moxonidine,COc1nc(C)c(NC2=NCCN2)nc1Cl,C8,125.0,3.0,3.0,acetonitrile,,,False,,,,,,,1.1,1.8,,физиотенз.pdf,11,0c05ba15576cd4e6953f8e585123503d12a0fc28,0,regex_v1,high,incomplete,missing_organic_percent;missing_flow;missing_exact_tR;missing_t0,"таблеток с дозировкой 0,2 mr - 25 мкл Для таблеток с дозировкой 0,4 мг - 15 мкл Время Не менее 2 мин хроматографирования Проверка пригодности хроматографической системы - среднее время удерживания моксонидина (на 3 хроматограммах рабочих © стандартных растворов) должно быть в пределах 1,1 - 1,8 мин. - На хроматограмме растворителя должны отсутствовать пики со временем удержива"
auto-00050,needs_review,moxonidine,COc1nc(C)c(NC2=NCCN2)nc1Cl,C8,125.0,3.0,3.0,acetonitrile,,,False,,,,,,,1.8,2.8,,физиотенз.pdf,16,f0ef1ee68caf5bd54868786f395c954ff216b798,5,regex_v1,low,incomplete,missing_organic_percent;missing_flow;missing_exact_tR;missing_t0,"раствор. Если время удерживания моксонидина выходит за пределы требуемого интервала, прибавляют к подвижной фазе воду очищенную (время удерживания увеличивается) или ацетонитрил (время удерживания уменьшается), ждут, пока система достигнет равновесия, и повторяют тест. & - среднее значение времени удерживания моксонидина, рассчитанное по 6 хроматограммам стандартного раствора, должно находиться в интервале 1,8 — 2,8 мин. - коэффициент вариации для площадей пиков моксонидина для 6 хроматограмм стан"
auto-00051,needs_review,moxonidine,COc1nc(C)c(NC2=NCCN2)nc1Cl,C8,125.0,3.0,3.0,acetonitrile,,3.5,False,,,,,,,1.1,1.8,,физиотенз.pdf,24,53305dfaf298ca8bc4586cd31ca65a23439caf81,0,regex_v1,high,incomplete,missing_organic_percent;missing_flow;missing_exact_tR;missing_t0,"нм, ширина полосы 8 нм, опорная длина волны: 400 нм, ширина полосы — 40 нм. . Время Не менее 5 мин ~ хроматографирования Проверка пригодности хроматографической системы - Среднее время удерживания моксонидина должно быть в пределах 1,1 — 1,8 МИН. - На хроматограмме растворителя должны отсутствовать пики со временем удержива"
auto-00052,needs_review,moxonidine,COc1nc(C)c(NC2=NCCN2)nc1Cl,C8,125.0,3.0,3.0,acetonitrile,,3.5,False,,,,,,,1.1,1.8,,физиотенз.pdf,25,f49535bddf47a4854c6792eb88a0d10c5a959d9a,1,regex_v1,high,incomplete,missing_organic_percent;missing_flow;missing_exact_tR;missing_t0,"нм, ширина полосы 8 нм, опорная длина волны: 400 нм, ширина полосы — 40 нм. . Время Не менее 5 мин ~ хроматографирования Проверка пригодности хроматографической системы - Среднее время удерживания моксонидина должно быть в пределах 1,1 — 1,8 МИН. - На хроматограмме растворителя должны отсутствовать пики со временем удержива"
auto-00053,needs_review,moxonidine,COc1nc(C)c(NC2=NCCN2)nc1Cl,,250.0,4.0,5.0,acetonitrile,,,False,,,,,,15.0,15.0,15.0,,физиотенз.pdf,32,5f66c419e65f3772b7e94c11d33960f421452110,2,regex_v1,medium,incomplete,missing_column;missing_organic_percent;missing_flow;missing_t0,"й раствор (для количественного определения) для дозировки 0,2 мг или 0,4 мг- 2 раза. ® Растворитель (контрольный опыт): оценивают степень загрязнения. Высота сигналов в интервале времен удерживания от 3 до 15 мин должна быть < 150 цАЦП. ® Раствор для определения пригодности хроматографическо"
auto-00054,needs_review,escitalopram,CN(C)CCCC1(c2ccc(C#N)cc2)OCc2cc(F)ccc21,C18,,,5.0,methanol,7.0,,True,1.0,,,,,0.2,0.2,0.2,,ципралекс.pdf,2,3964aa0ad005ec4908f7ac7ce6f7f1b0c5e27734,13,regex_v1,high,incomplete,missing_t0;missing_buffer_pH,"через 30 мин Евр. Фарм. (2.9.3.) и Фарм. Метод: визуальный ИДЕНТИФИКАЦИЯ Норма: Время удерживания основного пика на хроматограмме испытуемого раствора должно соответствовать времени удерживания основного пика на хроматограмме стандартного раствора эсциталопрама (стандартного раствора А). Допустимое отклонение ΔRT составляет не более 0,2 мин. Метод: ВЭЖХ Определение проводят методом ВЭЖХ одновременно с метод икой «Ко-"
auto-00055,needs_review,etoricoxib,Cc1ccc(-c2ncc(Cl)cc2-c2ccc(S(C)(=O)=O)cc2)cn1,,,,,acetonitrile,23.0,,False,,,,,,15.0,15.0,15.0,,ЛП-№(000493)-(РГ-RU)-100122.pdf,2,9e3970beb3533dd219c67686ccde2061ee18c87d,7,regex_v1,low,incomplete,missing_column;missing_flow;missing_t0,"е: от белого до бледно-желтого или от белого до кремового цвета. Подлинность? Время удерживания основного пика на | ВЭЖХ хроматограмме испытуемого раствора должно соответствовать времени удерживания пика эторикоксиба на хроматограмме стандартного раствора (в пределах = 2,5 %). . Вода*5 Не более 3,0 %. ГФ РФ, метод К. оО Растворение Стадия I - не менее 85 % от заявленного | ВЭЖХ содержания через 15 мин (для 6 таблеток); Стадия П - не менее 80 % от заявленного содержания через 15"
auto-00056,needs_review,etoricoxib,Cc1ccc(-c2ncc(Cl)cc2-c2ccc(S(C)(=O)=O)cc2)cn1,,,,5.0,acetonitrile,23.0,,False,0.6,40,,,,2.5,2.5,2.5,,ЛП-№(000493)-(РГ-RU)-100122.pdf,11,786b1f7b2c16df7d6d571862d52d4dfd1d840fb9,2,regex_v1,high,incomplete,missing_column;missing_t0,"роматограмме растворителя не должно присутствовать пиков, перекрывающих основные Пики. 2) Вводят рабочий стандартный раствор и оценивают пригодность хроматографической системы. e Время удерживания для пика эторикоксиба составляет около 2,5 мин; » Фактор асимметрии (Т) для пика эторикоксиба должен быть не более 1,5; © e От"
auto-00057,needs_review,etoricoxib,Cc1ccc(-c2ncc(Cl)cc2-c2ccc(S(C)(=O)=O)cc2)cn1,,,,5.0,acetonitrile,23.0,,False,0.6,40,,,,2.5,2.5,2.5,,ЛП-№(000493)-(РГ-RU)-100122.pdf,12,10646807085a6d887f9d5714f0992a22998b9532,3,regex_v1,high,incomplete,missing_column;missing_t0,"2) Вводят рабочий стандартный раствор и оценивают пригодность хроматографической системы. e Время удерживания для пика эторикоксиба составляет около 2,5 мин; » Фактор асимметрии (Т) для пика эторикоксиба должен быть не более 1,5; © e От"
auto-00058,needs_review,etoricoxib,Cc1ccc(-c2ncc(Cl)cc2-c2ccc(S(C)(=O)=O)cc2)cn1,,,,5.0,acetonitrile,27.0,2.95,True,0.6,40,,,,2.5,2.5,2.5,,ЛП-№(000493)-(РГ-RU)-100122.pdf,18,0ea6957810761c5032f171f65a803bbce0b574a9,3,regex_v1,high,incomplete,missing_column;missing_t0,"ль. На хроматограмме растворителя не должно присутствовать пиков, перекрывающих основные пики. 2) Вводят стандартный раствор и оценивают пригодность хроматографической системы. » Время удерживания пика эторикоксиба составляет около 2,5 мин; » Фактор асимметрии пика эторикоксиба должен быть не более 1,5; e Относительно"
auto-00059,needs_review,etoricoxib,Cc1ccc(-c2ncc(Cl)cc2-c2ccc(S(C)(=O)=O)cc2)cn1,C18,150.0,4.6,3.5,acetonitrile,27.0,2.95,True,1.2,40,1.4126,estimated_column_geometry,0.68,7.0,7.0,7.0,0.5971839610252597,ЛП-№(000493)-(РГ-RU)-100122.pdf,23,0c4f29a91fca47b5d3a77110b628721ee8639fdb,2,regex_v1,high,incomplete,estimated_t0_not_measured,> 3 с относительным стандартным отклонением (RSD) < 25%. 3) Вводят раствор для проверки пригодности хроматографической системы и оценивают пригодность хроматографической системы. Время удерживания для пика эторикоксиба составляет около 7 мин. Относительные времена удерживания пиков примесей приведены в таблице:
auto-00060,needs_review,etoricoxib,Cc1ccc(-c2ncc(Cl)cc2-c2ccc(S(C)(=O)=O)cc2)cn1,C18,150.0,4.6,3.5,acetonitrile,27.0,2.95,True,1.2,40,1.13,measured_document,,7.0,7.0,7.0,0.7155596577641948,ЛП-№(000493)-(РГ-RU)-100122.pdf,24,f9f8935a6b57225a1668d14eb0783c37b49a8e1e,3,regex_v1,high,ready,,3) Вводят раствор для проверки пригодности хроматографической системы и оценивают пригодность хроматографической системы. Время удерживания для пика эторикоксиба составляет около 7 мин. Относительные времена удерживания пиков примесей приведены в таблице: держив